what,kind,bundleId,bundleVersion,description,time
java.vm.specification.vendor,sysinfo,,,"Oracle Corporation",1419654337565
java.vm.specification.version,sysinfo,,,"1.8",1419654337565
java.vm.vendor,sysinfo,,,"Oracle Corporation",1419654337565
java.vm.version,sysinfo,,,"25.5-b02",1419654337565
started,bundle,org.eclipse.m2e.usagedata,1.0.200.20111228-1245,"org.eclipse.m2e.usagedata",1419654337565
started,bundle,org.eclipse.core.variables,3.2.500.v20110928-1503,"org.eclipse.core.variables",1419654338220
started,bundle,com.android.ide.eclipse.ndk,23.0.3.1327240,"com.android.ide.eclipse.ndk",1419654338283
started,bundle,org.eclipse.jdt.apt.core,3.3.500.v20110420-1015,"org.eclipse.jdt.apt.core",1419654338719
started,bundle,org.eclipse.jdt.apt.pluggable.core,1.0.400.v20110305-1450,"org.eclipse.jdt.apt.pluggable.core",1419654338735
started,bundle,org.eclipse.wb.core.lib,1.3.0.r37x201202052311,"org.eclipse.wb.core.lib",1419654339031
started,bundle,org.eclipse.wb.core,1.3.0.r37x201202052311,"org.eclipse.wb.core",1419654339031
opened,view,org.eclipse.ui.ide,3.7.0.v20110928-1505,"org.eclipse.ui.views.ProblemView",1419654341855
activated,view,org.eclipse.ui.console,3.5.100.v20111007_r372,"org.eclipse.ui.console.ConsoleView",1419654347409
activated,view,org.eclipse.jdt.ui,3.7.2.v20120109-1427,"org.eclipse.jdt.ui.PackageExplorer",1419654361417
error,log,,,"Could not create tab content because could not find view with id -1",1419654378421
error,log,,,"Could not create tab content because could not find view with id -1",1419654378437
started,bundle,org.eclipse.compare,3.5.202.R37x_v20111109-0800,"org.eclipse.compare",1419654379108
activated,view,org.eclipse.ui.console,3.5.100.v20111007_r372,"org.eclipse.ui.console.ConsoleView",1419654388733
activated,view,org.eclipse.jdt.ui,3.7.2.v20120109-1427,"org.eclipse.jdt.ui.PackageExplorer",1419654392056
deactivated,workbench,org.eclipse.ui.workbench,3.7.1.v20120104-1859,"",1419654395316
activated,workbench,org.eclipse.ui.workbench,3.7.1.v20120104-1859,"",1419654400355
executed,command,org.eclipse.ltk.ui.refactoring,3.6.0.v20110928-1453,"org.eclipse.ltk.ui.refactoring.commands.deleteResources",1419654400371
executed,command,org.eclipse.ui,3.7.0.v20110928-1505,"org.eclipse.ui.edit.delete",1419654400371
deactivated,workbench,org.eclipse.ui.workbench,3.7.1.v20120104-1859,"",1419654408358
closed,editor,com.android.ide.eclipse.adt,23.0.3.1327240,"com.android.ide.eclipse.editors.CommonXmlEditor",1419654410245
activated,workbench,org.eclipse.ui.workbench,3.7.1.v20120104-1859,"",1419654410526
executed,command,org.eclipse.ltk.ui.refactoring,3.6.0.v20110928-1453,"org.eclipse.ltk.ui.refactoring.commands.deleteResources",1419654410526
executed,command,org.eclipse.ui,3.7.0.v20110928-1505,"org.eclipse.ui.edit.delete",1419654410526
deactivated,workbench,org.eclipse.ui.workbench,3.7.1.v20120104-1859,"",1419654418451
activated,workbench,org.eclipse.ui.workbench,3.7.1.v20120104-1859,"",1419654420432
executed,command,org.eclipse.ltk.ui.refactoring,3.6.0.v20110928-1453,"org.eclipse.ltk.ui.refactoring.commands.deleteResources",1419654420432
executed,command,org.eclipse.ui,3.7.0.v20110928-1505,"org.eclipse.ui.edit.delete",1419654420432
activated,view,org.eclipse.ui.console,3.5.100.v20111007_r372,"org.eclipse.ui.console.ConsoleView",1419654428404
activated,view,org.eclipse.jdt.ui,3.7.2.v20120109-1427,"org.eclipse.jdt.ui.PackageExplorer",1419654429387
executed,command,org.eclipse.ui.ide,3.7.0.v20110928-1505,"org.eclipse.ui.project.buildAll",1419654432678
deactivated,workbench,org.eclipse.ui.workbench,3.7.1.v20120104-1859,"",1419654433240
activated,workbench,org.eclipse.ui.workbench,3.7.1.v20120104-1859,"",1419654439152
activated,view,org.eclipse.ui.console,3.5.100.v20111007_r372,"org.eclipse.ui.console.ConsoleView",1419654439761
started,bundle,com.android.ide.eclipse.ddms,23.0.3.1327240,"com.android.ide.eclipse.ddms",1419654442350
opened,view,com.android.ide.eclipse.ddms,23.0.3.1327240,"com.android.ide.eclipse.ddms.views.LogCatView",1419654442506
activated,view,com.android.ide.eclipse.ddms,23.0.3.1327240,"com.android.ide.eclipse.ddms.views.LogCatView",1419654442522
started,bundle,com.android.ide.eclipse.traceview,23.0.3.1327240,"com.android.ide.eclipse.traceview",1419654442678
activated,view,org.eclipse.jdt.ui,3.7.2.v20120109-1427,"org.eclipse.jdt.ui.PackageExplorer",1419654444254
deactivated,workbench,org.eclipse.ui.workbench,3.7.1.v20120104-1859,"",1419654446469
activated,workbench,org.eclipse.ui.workbench,3.7.1.v20120104-1859,"",1419654454409
deactivated,workbench,org.eclipse.ui.workbench,3.7.1.v20120104-1859,"",1419654560942
deactivated,workbench,org.eclipse.ui.workbench,3.7.1.v20120104-1859,"",1419654561457
deactivated,workbench,org.eclipse.ui.workbench,3.7.1.v20120104-1859,"",1419654980192
deactivated,workbench,org.eclipse.ui.workbench,3.7.1.v20120104-1859,"",1419655293862
deactivated,workbench,org.eclipse.ui.workbench,3.7.1.v20120104-1859,"",1419655764359
deactivated,workbench,org.eclipse.ui.workbench,3.7.1.v20120104-1859,"",1419661020351
deactivated,workbench,org.eclipse.ui.workbench,3.7.1.v20120104-1859,"",1419661021489
deactivated,workbench,org.eclipse.ui.workbench,3.7.1.v20120104-1859,"",1419661261906
activated,workbench,org.eclipse.ui.workbench,3.7.1.v20120104-1859,"",1419661262062
opened,editor,com.android.ide.eclipse.adt,23.0.3.1327240,"com.android.ide.eclipse.editors.CommonXmlEditor",1419661282732
activated,editor,com.android.ide.eclipse.adt,23.0.3.1327240,"com.android.ide.eclipse.editors.CommonXmlEditor",1419661282794
error,log,,,"Failed to update a TargetChangeListener.",1419661284541
deactivated,workbench,org.eclipse.ui.workbench,3.7.1.v20120104-1859,"",1419661285368
activated,workbench,org.eclipse.ui.workbench,3.7.1.v20120104-1859,"",1419661292763
activated,view,org.eclipse.jdt.ui,3.7.2.v20120109-1427,"org.eclipse.jdt.ui.PackageExplorer",1419661292778
error,log,,,"Could not create tab content because could not find view with id -1",1419661299330
error,log,,,"Could not create tab content because could not find view with id -1",1419661299346
activated,editor,com.android.ide.eclipse.adt,23.0.3.1327240,"com.android.ide.eclipse.editors.CommonXmlEditor",1419661307255
started,bundle,org.eclipse.m2e.editor.xml,1.0.200.20111228-1245,"org.eclipse.m2e.editor.xml",1419661311295
activated,view,org.eclipse.jdt.ui,3.7.2.v20120109-1427,"org.eclipse.jdt.ui.PackageExplorer",1419661337457
opened,editor,com.android.ide.eclipse.adt,23.0.3.1327240,"com.android.ide.eclipse.editors.CommonXmlEditor",1419661338205
activated,editor,com.android.ide.eclipse.adt,23.0.3.1327240,"com.android.ide.eclipse.editors.CommonXmlEditor",1419661338252
error,log,,,"Failed to update a TargetChangeListener.",1419661339095
activated,editor,com.android.ide.eclipse.adt,23.0.3.1327240,"com.android.ide.eclipse.editors.CommonXmlEditor",1419661351902
closed,editor,com.android.ide.eclipse.adt,23.0.3.1327240,"com.android.ide.eclipse.editors.CommonXmlEditor",1419661351902
activated,view,org.eclipse.jdt.ui,3.7.2.v20120109-1427,"org.eclipse.jdt.ui.PackageExplorer",1419661353228
started,bundle,org.eclipse.jdt.junit.core,3.7.0.v20110928-1453,"org.eclipse.jdt.junit.core",1419661354897
started,bundle,org.eclipse.cdt.debug.core,7.1.0.201202111925,"org.eclipse.cdt.debug.core",1419661354991
started,bundle,org.eclipse.cdt.debug.ui,7.1.2.201202111925,"org.eclipse.cdt.debug.ui",1419661355022
executed,command,,,"com.android.ide.eclipse.adt.debug.launching.LaunchShortcut.run",1419661356239
deactivated,workbench,org.eclipse.ui.workbench,3.7.1.v20120104-1859,"",1419661358735
activated,workbench,org.eclipse.ui.workbench,3.7.1.v20120104-1859,"",1419661367658
deactivated,workbench,org.eclipse.ui.workbench,3.7.1.v20120104-1859,"",1419661367908
activated,view,org.eclipse.ui.console,3.5.100.v20111007_r372,"org.eclipse.ui.console.ConsoleView",1419661380088
activated,workbench,org.eclipse.ui.workbench,3.7.1.v20120104-1859,"",1419661431969
activated,view,org.eclipse.jdt.ui,3.7.2.v20120109-1427,"org.eclipse.jdt.ui.PackageExplorer",1419661433030
executed,command,,,"com.android.ide.eclipse.adt.debug.launching.LaunchShortcut.run",1419661435214
deactivated,workbench,org.eclipse.ui.workbench,3.7.1.v20120104-1859,"",1419661440563
activated,workbench,org.eclipse.ui.workbench,3.7.1.v20120104-1859,"",1419661813491
activated,editor,com.android.ide.eclipse.adt,23.0.3.1327240,"com.android.ide.eclipse.editors.CommonXmlEditor",1419661816535
deactivated,workbench,org.eclipse.ui.workbench,3.7.1.v20120104-1859,"",1419661818824
activated,workbench,org.eclipse.ui.workbench,3.7.1.v20120104-1859,"",1419661826343
deactivated,workbench,org.eclipse.ui.workbench,3.7.1.v20120104-1859,"",1419661826531
activated,workbench,org.eclipse.ui.workbench,3.7.1.v20120104-1859,"",1419661884688
activated,view,org.eclipse.jdt.ui,3.7.2.v20120109-1427,"org.eclipse.jdt.ui.PackageExplorer",1419661885499
executed,command,,,"com.android.ide.eclipse.adt.debug.launching.LaunchShortcut.run",1419661888151
deactivated,workbench,org.eclipse.ui.workbench,3.7.1.v20120104-1859,"",1419661888787
activated,workbench,org.eclipse.ui.workbench,3.7.1.v20120104-1859,"",1419661972738
activated,editor,com.android.ide.eclipse.adt,23.0.3.1327240,"com.android.ide.eclipse.editors.CommonXmlEditor",1419661972787
activated,view,org.eclipse.jdt.ui,3.7.2.v20120109-1427,"org.eclipse.jdt.ui.PackageExplorer",1419661976990
opened,editor,org.eclipse.jdt.ui,3.7.2.v20120109-1427,"org.eclipse.jdt.ui.CompilationUnitEditor",1419661979559
started,bundle,org.eclipse.jdt.debug,3.7.1.v20111006_r372,"org.eclipse.jdt.debug",1419661979847
started,bundle,org.eclipse.jdt.debug.ui,3.6.1.v20111006_r372,"org.eclipse.jdt.debug.ui",1419661979984
activated,editor,org.eclipse.jdt.ui,3.7.2.v20120109-1427,"org.eclipse.jdt.ui.CompilationUnitEditor",1419661980068
deactivated,workbench,org.eclipse.ui.workbench,3.7.1.v20120104-1859,"",1419662281939
activated,workbench,org.eclipse.ui.workbench,3.7.1.v20120104-1859,"",1419662581887
started,bundle,org.eclipse.jdt.junit,3.7.0.v20110928-1453,"org.eclipse.jdt.junit",1419664673330
deactivated,workbench,org.eclipse.ui.workbench,3.7.1.v20120104-1859,"",1419664676338
activated,workbench,org.eclipse.ui.workbench,3.7.1.v20120104-1859,"",1419664822069
executed,command,org.eclipse.ui,3.7.0.v20110928-1505,"org.eclipse.ui.window.preferences",1419664822078
activated,view,org.eclipse.jdt.ui,3.7.2.v20120109-1427,"org.eclipse.jdt.ui.PackageExplorer",1419664839844
activated,editor,com.android.ide.eclipse.adt,23.0.3.1327240,"com.android.ide.eclipse.editors.CommonXmlEditor",1419664841559
activated,view,org.eclipse.jdt.ui,3.7.2.v20120109-1427,"org.eclipse.jdt.ui.PackageExplorer",1419664844396
opened,editor,com.android.ide.eclipse.adt,23.0.3.1327240,"com.android.ide.eclipse.editors.CommonXmlEditor",1419664846732
activated,editor,com.android.ide.eclipse.adt,23.0.3.1327240,"com.android.ide.eclipse.editors.CommonXmlEditor",1419664847151
executed,command,org.eclipse.ui.workbench.texteditor,3.7.0.v20110928-1504,"org.eclipse.ui.edit.text.toggleOverwrite",1419664852356
executed,command,org.eclipse.ui.workbench.texteditor,3.7.0.v20110928-1504,"org.eclipse.ui.edit.text.toggleOverwrite",1419664852540
executed,command,org.eclipse.ui.workbench.texteditor,3.7.0.v20110928-1504,"org.eclipse.ui.edit.text.toggleOverwrite",1419664852692
executed,command,org.eclipse.ui.workbench.texteditor,3.7.0.v20110928-1504,"org.eclipse.ui.edit.text.toggleOverwrite",1419664854362
deactivated,workbench,org.eclipse.ui.workbench,3.7.1.v20120104-1859,"",1419664863617
activated,workbench,org.eclipse.ui.workbench,3.7.1.v20120104-1859,"",1419664864655
activated,editor,com.android.ide.eclipse.adt,23.0.3.1327240,"com.android.ide.eclipse.editors.CommonXmlEditor",1419664864693
closed,editor,com.android.ide.eclipse.adt,23.0.3.1327240,"com.android.ide.eclipse.editors.CommonXmlEditor",1419664864693
activated,view,org.eclipse.jdt.ui,3.7.2.v20120109-1427,"org.eclipse.jdt.ui.PackageExplorer",1419664865752
deactivated,workbench,org.eclipse.ui.workbench,3.7.1.v20120104-1859,"",1419664868731
started,bundle,org.eclipse.wb.os,1.3.0.r37x201202052311,"org.eclipse.wb.os",1419664877394
started,bundle,org.eclipse.wb.os.win32,1.3.0.r37x201202052311,"org.eclipse.wb.os.win32",1419664877401
activated,workbench,org.eclipse.ui.workbench,3.7.1.v20120104-1859,"",1419664909430
executed,command,org.eclipse.ui,3.7.0.v20110928-1505,"org.eclipse.ui.window.preferences",1419664909436
activated,editor,com.android.ide.eclipse.adt,23.0.3.1327240,"com.android.ide.eclipse.editors.CommonXmlEditor",1419664912771
activated,editor,org.eclipse.jdt.ui,3.7.2.v20120109-1427,"org.eclipse.jdt.ui.CompilationUnitEditor",1419664912854
closed,editor,com.android.ide.eclipse.adt,23.0.3.1327240,"com.android.ide.eclipse.editors.CommonXmlEditor",1419664912855
deactivated,workbench,org.eclipse.ui.workbench,3.7.1.v20120104-1859,"",1419664964890
activated,workbench,org.eclipse.ui.workbench,3.7.1.v20120104-1859,"",1419665185418
deactivated,workbench,org.eclipse.ui.workbench,3.7.1.v20120104-1859,"",1419665187998
deactivated,workbench,org.eclipse.ui.workbench,3.7.1.v20120104-1859,"",1419665188493
deactivated,workbench,org.eclipse.ui.workbench,3.7.1.v20120104-1859,"",1419665243534
activated,workbench,org.eclipse.ui.workbench,3.7.1.v20120104-1859,"",1419682422295
closed,workbench,org.eclipse.ui.workbench,3.7.1.v20120104-1859,"",1419682423969
stopped,bundle,org.eclipse.m2e.logback.configuration,1.0.200.20111228-1245,"org.eclipse.m2e.logback.configuration",1419682425708
stopped,bundle,org.eclipse.m2e.discovery,1.0.200.20111228-1245,"org.eclipse.m2e.discovery",1419682425766
stopped,bundle,org.eclipse.m2e.refactoring,1.0.200.20111228-1245,"org.eclipse.m2e.refactoring",1419682425782
stopped,bundle,org.eclipse.m2e.editor,1.0.200.20111228-1245,"org.eclipse.m2e.editor",1419682425840
stopped,bundle,org.eclipse.m2e.editor.xml,1.0.200.20111228-1245,"org.eclipse.m2e.editor.xml",1419682425840
stopped,bundle,org.eclipse.m2e.jdt,1.0.200.20111228-1245,"org.eclipse.m2e.jdt",1419682425874
stopped,bundle,org.eclipse.m2e.launching,1.0.200.20111228-1245,"org.eclipse.m2e.launching",1419682425909
stopped,bundle,org.eclipse.m2e.usagedata,1.0.200.20111228-1245,"org.eclipse.m2e.usagedata",1419682425909
stopped,bundle,com.android.ide.eclipse.ndk,23.0.3.1327240,"com.android.ide.eclipse.ndk",1419682425909
stopped,bundle,overlay.com.android.ide.eclipse.adt.overlay,23.0.3.1327240,"overlay.com.android.ide.eclipse.adt.overlay",1419682425968
stopped,bundle,com.android.ide.eclipse.adt,23.0.3.1327240,"com.android.ide.eclipse.adt",1419682425968
stopped,bundle,org.eclipse.cdt,8.0.2.201202111925,"org.eclipse.cdt",1419682426005
stopped,bundle,org.eclipse.cdt.doc.user,5.1.1.201202111925,"org.eclipse.cdt.doc.user",1419682426112
stopped,bundle,org.eclipse.ui.cheatsheets,3.4.100.v20110425,"org.eclipse.ui.cheatsheets",1419682426148
activated,perspective,org.eclipse.jdt.ui,,"org.eclipse.jdt.ui.JavaPerspective",1419752934979
started,bundle,org.eclipse.osgi,3.7.2.v20120110-1415,"org.eclipse.osgi",1419752934979
started,bundle,org.eclipse.equinox.simpleconfigurator,1.0.200.v20110815-1438,"org.eclipse.equinox.simpleconfigurator",1419752934979
started,bundle,com.ibm.icu,4.4.2.v20110823,"com.ibm.icu",1419752935010
started,bundle,org.eclipse.compare.core,3.5.200.I20110208-0800,"org.eclipse.compare.core",1419752935010
started,bundle,org.eclipse.core.contenttype,3.4.100.v20110423-0524,"org.eclipse.core.contenttype",1419752935010
started,bundle,org.eclipse.core.databinding.observable,1.4.0.I20110222-0800,"org.eclipse.core.databinding.observable",1419752935010
started,bundle,org.eclipse.core.expressions,3.4.300.v20110228,"org.eclipse.core.expressions",1419752935010
started,bundle,org.eclipse.core.filebuffers,3.5.200.v20110928-1504,"org.eclipse.core.filebuffers",1419752935010
started,bundle,org.eclipse.core.filesystem,1.3.100.v20110423-0524,"org.eclipse.core.filesystem",1419752935010
started,bundle,org.eclipse.core.jobs,3.5.101.v20120113-1953,"org.eclipse.core.jobs",1419752935010
started,bundle,org.eclipse.core.net,1.2.100.I20110511-0800,"org.eclipse.core.net",1419752935010
started,bundle,org.eclipse.core.resources,3.7.101.v20120125-1505,"org.eclipse.core.resources",1419752935010
started,bundle,org.eclipse.core.runtime,3.7.0.v20110110,"org.eclipse.core.runtime",1419752935010
started,bundle,org.eclipse.core.runtime.compatibility,3.2.100.v20100505,"org.eclipse.core.runtime.compatibility",1419752935010
started,bundle,org.eclipse.core.runtime.compatibility.auth,3.2.200.v20110110,"org.eclipse.core.runtime.compatibility.auth",1419752935010
started,bundle,org.eclipse.core.variables,3.2.500.v20110928-1503,"org.eclipse.core.variables",1419752935010
started,bundle,org.eclipse.debug.core,3.7.1.v20111129-2031,"org.eclipse.debug.core",1419752935010
started,bundle,org.eclipse.egit.core,1.3.0.201202151440-r,"org.eclipse.egit.core",1419752935026
started,bundle,org.eclipse.epp.mpc.ui,1.1.1.I20110907-0947,"org.eclipse.epp.mpc.ui",1419752935026
started,bundle,org.eclipse.epp.usagedata.gathering,1.3.1.R201106061540,"org.eclipse.epp.usagedata.gathering",1419752935026
started,bundle,org.eclipse.epp.usagedata.recording,1.3.1.R201106061540,"org.eclipse.epp.usagedata.recording",1419752935026
started,bundle,org.eclipse.equinox.app,1.3.100.v20110321,"org.eclipse.equinox.app",1419752935041
started,bundle,org.eclipse.equinox.common,3.6.0.v20110523,"org.eclipse.equinox.common",1419752935041
started,bundle,org.eclipse.equinox.ds,1.3.1.R37x_v20110701,"org.eclipse.equinox.ds",1419752935041
started,bundle,org.eclipse.equinox.event,1.2.100.v20110502,"org.eclipse.equinox.event",1419752935041
started,bundle,org.eclipse.equinox.p2.core,2.1.1.v20120113-1346,"org.eclipse.equinox.p2.core",1419752935041
started,bundle,org.eclipse.equinox.p2.directorywatcher,1.0.300.v20110815-1419,"org.eclipse.equinox.p2.directorywatcher",1419752935041
started,bundle,org.eclipse.equinox.p2.engine,2.1.1.R37x_v20111003,"org.eclipse.equinox.p2.engine",1419752935041
started,bundle,org.eclipse.equinox.p2.metadata,2.1.0.v20110815-1419,"org.eclipse.equinox.p2.metadata",1419752935041
started,bundle,org.eclipse.equinox.p2.metadata.repository,1.2.0.v20110815-1419,"org.eclipse.equinox.p2.metadata.repository",1419752935041
started,bundle,org.eclipse.equinox.p2.operations,2.1.1.R37x_v20111111,"org.eclipse.equinox.p2.operations",1419752935041
started,bundle,org.eclipse.equinox.p2.reconciler.dropins,1.1.100.v20110815-1419,"org.eclipse.equinox.p2.reconciler.dropins",1419752935041
started,bundle,org.eclipse.equinox.p2.repository,2.1.1.v20120113-1346,"org.eclipse.equinox.p2.repository",1419752935041
started,bundle,org.eclipse.equinox.p2.ui.sdk.scheduler,1.0.100.v20110815-1419,"org.eclipse.equinox.p2.ui.sdk.scheduler",1419752935041
started,bundle,org.eclipse.equinox.p2.updatechecker,1.1.200.v20110815-1419,"org.eclipse.equinox.p2.updatechecker",1419752935041
started,bundle,org.eclipse.equinox.preferences,3.4.2.v20120111-2020,"org.eclipse.equinox.preferences",1419752935041
started,bundle,org.eclipse.equinox.registry,3.5.101.R37x_v20110810-1611,"org.eclipse.equinox.registry",1419752935041
started,bundle,org.eclipse.equinox.security,1.1.1.R37x_v20110822-1018,"org.eclipse.equinox.security",1419752935057
started,bundle,org.eclipse.equinox.util,1.0.300.v20110502,"org.eclipse.equinox.util",1419752935057
started,bundle,org.eclipse.help,3.5.100.v20110426,"org.eclipse.help",1419752935057
started,bundle,org.eclipse.jdt.apt.core,3.3.500.v20110420-1015,"org.eclipse.jdt.apt.core",1419752935057
started,bundle,org.eclipse.jdt.apt.pluggable.core,1.0.400.v20110305-1450,"org.eclipse.jdt.apt.pluggable.core",1419752935057
started,bundle,org.eclipse.jdt.core,3.7.3.v20120119-1537,"org.eclipse.jdt.core",1419752935057
started,bundle,org.eclipse.jdt.core.manipulation,1.4.0.v20110928-1453,"org.eclipse.jdt.core.manipulation",1419752935057
started,bundle,org.eclipse.jdt.launching,3.6.1.v20111006_r372,"org.eclipse.jdt.launching",1419752935057
started,bundle,org.eclipse.jdt.ui,3.7.2.v20120109-1427,"org.eclipse.jdt.ui",1419752935057
started,bundle,org.eclipse.jface,3.7.0.v20110928-1505,"org.eclipse.jface",1419752935057
started,bundle,org.eclipse.jgit,1.3.0.201202151440-r,"org.eclipse.jgit",1419752935057
started,bundle,org.eclipse.ltk.core.refactoring,3.5.201.r372_v20111101-0700,"org.eclipse.ltk.core.refactoring",1419752935057
started,bundle,org.eclipse.ltk.ui.refactoring,3.6.0.v20110928-1453,"org.eclipse.ltk.ui.refactoring",1419752935057
started,bundle,org.eclipse.m2e.logback.configuration,1.0.200.20111228-1245,"org.eclipse.m2e.logback.configuration",1419752935057
started,bundle,org.eclipse.mylyn.bugzilla.core,3.6.5.v20120123-0100,"org.eclipse.mylyn.bugzilla.core",1419752935057
started,bundle,org.eclipse.mylyn.bugzilla.ui,3.6.0.v20110608-1400,"org.eclipse.mylyn.bugzilla.ui",1419752935057
started,bundle,org.eclipse.mylyn.commons.identity,0.8.0.v20110608-1400,"org.eclipse.mylyn.commons.identity",1419752935057
started,bundle,org.eclipse.mylyn.commons.net,3.6.0.v20110608-1400,"org.eclipse.mylyn.commons.net",1419752935057
started,bundle,org.eclipse.mylyn.commons.ui,3.6.1.v20110720-0100,"org.eclipse.mylyn.commons.ui",1419752935057
started,bundle,org.eclipse.mylyn.context.core,3.6.1.v20110720-0100,"org.eclipse.mylyn.context.core",1419752935057
started,bundle,org.eclipse.mylyn.context.ui,3.6.1.v20120112-0100,"org.eclipse.mylyn.context.ui",1419752935072
started,bundle,org.eclipse.mylyn.monitor.ui,3.6.0.v20110608-1400,"org.eclipse.mylyn.monitor.ui",1419752935072
started,bundle,org.eclipse.mylyn.tasks.ui,3.6.5.v20120215-0100,"org.eclipse.mylyn.tasks.ui",1419752935104
started,bundle,org.eclipse.search,3.7.0.v20110928-1504,"org.eclipse.search",1419752935104
started,bundle,org.eclipse.team.core,3.6.0.I20110525-0800,"org.eclipse.team.core",1419752935104
started,bundle,org.eclipse.ui,3.7.0.v20110928-1505,"org.eclipse.ui",1419752935104
started,bundle,org.eclipse.ui.console,3.5.100.v20111007_r372,"org.eclipse.ui.console",1419752935104
started,bundle,org.eclipse.ui.editors,3.7.0.v20110928-1504,"org.eclipse.ui.editors",1419752935104
started,bundle,org.eclipse.ui.forms,3.5.101.v20111011-1919,"org.eclipse.ui.forms",1419752935104
started,bundle,org.eclipse.ui.ide,3.7.0.v20110928-1505,"org.eclipse.ui.ide",1419752935119
started,bundle,org.eclipse.ui.net,1.2.100.v20111208-1155,"org.eclipse.ui.net",1419752935119
started,bundle,org.eclipse.ui.views,3.6.0.v20110928-1505,"org.eclipse.ui.views",1419752935119
started,bundle,org.eclipse.ui.workbench,3.7.1.v20120104-1859,"org.eclipse.ui.workbench",1419752935119
started,bundle,org.eclipse.ui.workbench.texteditor,3.7.0.v20110928-1504,"org.eclipse.ui.workbench.texteditor",1419752935119
started,bundle,org.eclipse.wb.core,1.3.0.r37x201202052311,"org.eclipse.wb.core",1419752935135
started,bundle,org.eclipse.wb.core.lib,1.3.0.r37x201202052311,"org.eclipse.wb.core.lib",1419752935166
started,bundle,com.android.ide.eclipse.adt,23.0.3.1327240,"com.android.ide.eclipse.adt",1419752935166
started,bundle,com.android.ide.eclipse.base,23.0.3.1327240,"com.android.ide.eclipse.base",1419752935166
started,bundle,com.android.ide.eclipse.ddms,23.0.3.1327240,"com.android.ide.eclipse.ddms",1419752935182
os,sysinfo,,,"win32",1419752935197
arch,sysinfo,,,"x86_64",1419752935197
ws,sysinfo,,,"win32",1419752935197
locale,sysinfo,,,"zh_CN",1419752935197
processors,sysinfo,,,"4",1419752935197
java.runtime.name,sysinfo,,,"Java(TM) SE Runtime Environment",1419752935197
java.runtime.version,sysinfo,,,"1.8.0_05-b13",1419752935197
java.specification.name,sysinfo,,,"Java Platform API Specification",1419752935197
java.specification.vendor,sysinfo,,,"Oracle Corporation",1419752935197
java.specification.version,sysinfo,,,"1.8",1419752935197
java.vendor,sysinfo,,,"Oracle Corporation",1419752935197
java.version,sysinfo,,,"1.8.0_05",1419752935197
java.vm.info,sysinfo,,,"mixed mode",1419752935197
java.vm.name,sysinfo,,,"Java HotSpot(TM) 64-Bit Server VM",1419752935197
java.vm.specification.name,sysinfo,,,"Java Virtual Machine Specification",1419752935197
java.vm.specification.vendor,sysinfo,,,"Oracle Corporation",1419752935197
java.vm.specification.version,sysinfo,,,"1.8",1419752935197
java.vm.vendor,sysinfo,,,"Oracle Corporation",1419752935197
java.vm.version,sysinfo,,,"25.5-b02",1419752935197
started,bundle,org.eclipse.m2e.usagedata,1.0.200.20111228-1245,"org.eclipse.m2e.usagedata",1419752935384
started,bundle,org.eclipse.egit.ui,1.3.0.201202151440-r,"org.eclipse.egit.ui",1419752935540
started,bundle,org.eclipse.mylyn.team.ui,3.6.1.v20110825-0100,"org.eclipse.mylyn.team.ui",1419752935899
started,bundle,org.eclipse.team.ui,3.6.101.R37x_v20111109-0800,"org.eclipse.team.ui",1419752935899
started,bundle,org.eclipse.update.scheduler,3.2.300.v20100512,"org.eclipse.update.scheduler",1419752935915
started,bundle,org.eclipse.update.configurator,3.3.100.v20100512,"org.eclipse.update.configurator",1419752936336
started,bundle,org.eclipse.update.core,3.2.500.v20110330,"org.eclipse.update.core",1419752936367
started,bundle,org.eclipse.wb.discovery.core,1.3.0.r37x201202052340,"org.eclipse.wb.discovery.core",1419752936383
started,bundle,org.eclipse.team.cvs.core,3.3.400.I20110510-0800,"org.eclipse.team.cvs.core",1419752937288
started,bundle,org.eclipse.wb.discovery.ui,1.3.0.r37x201202052340,"org.eclipse.wb.discovery.ui",1419752937615
started,bundle,org.eclipse.cdt.codan.ui.cxx,2.0.0.201202111925,"org.eclipse.cdt.codan.ui.cxx",1419752937927
started,bundle,org.eclipse.team.cvs.ui,3.3.401.v20120126-1227,"org.eclipse.team.cvs.ui",1419752937958
started,bundle,org.eclipse.cdt.make.core,7.1.2.201202111925,"org.eclipse.cdt.make.core",1419752939191
started,bundle,org.eclipse.cdt.managedbuilder.core,8.0.2.201202111925,"org.eclipse.cdt.managedbuilder.core",1419752940673
started,bundle,org.eclipse.wst.sse.core,1.1.602.v201112071516,"org.eclipse.wst.sse.core",1419752940813
started,bundle,org.eclipse.wst.xml.core,1.1.602.v201201091944,"org.eclipse.wst.xml.core",1419752941203
started,bundle,org.eclipse.cdt.core,5.3.2.201202111925,"org.eclipse.cdt.core",1419752941312
started,bundle,com.android.ide.eclipse.traceview,23.0.3.1327240,"com.android.ide.eclipse.traceview",1419752941578
started,bundle,org.eclipse.wst.common.uriresolver,1.1.401.v201004280700,"org.eclipse.wst.common.uriresolver",1419752941609
started,bundle,org.eclipse.ui.navigator,3.5.101.v20120106-1355,"org.eclipse.ui.navigator",1419752941890
started,bundle,org.eclipse.cdt.ui,5.3.2.201202111925,"org.eclipse.cdt.ui",1419752942888
started,bundle,org.eclipse.cdt.codan.core.cxx,1.0.0.201202111925,"org.eclipse.cdt.codan.core.cxx",1419752942888
started,bundle,org.eclipse.cdt.codan.core,2.0.0.201202111925,"org.eclipse.cdt.codan.core",1419752942888
started,bundle,org.eclipse.cdt.make.ui,7.1.2.201202111925,"org.eclipse.cdt.make.ui",1419752942950
started,bundle,org.eclipse.cdt.codan.checkers,1.0.1.201202111925,"org.eclipse.cdt.codan.checkers",1419752942966
opened,view,org.eclipse.ui.ide,3.7.0.v20110928-1505,"org.eclipse.ui.views.ProblemView",1419752943840
started,bundle,com.android.ide.eclipse.ndk,23.0.3.1327240,"com.android.ide.eclipse.ndk",1419752946819
deactivated,workbench,org.eclipse.ui.workbench,3.7.1.v20120104-1859,"",1419753233972
activated,workbench,org.eclipse.ui.workbench,3.7.1.v20120104-1859,"",1419753297299
